{
  "dir": "C:\\Users\\Ming\\AppData\\Local\\YaobiHunter\\recordings",
  "uniqueSlots": 329,
  "spanHours": 86.25,
  "target": 10,
  "states": {
    "⚡ flushBreakout": {
      "events": 45,
      "h4": {
        "n": 45,
        "hit": 0,
        "meanMfe": 0.013009074819299455,
        "medMfe": 0.00829986613119127,
        "meanRet": -0.002477516763861202
      },
      "h24": {
        "n": 45,
        "hit": 0,
        "meanMfe": 0.01978706250992237,
        "medMfe": 0.016057748968768548,
        "meanRet": -0.022771221808231712
      }
    },
    "蓄 earlyAccum": {
      "events": 29,
      "h4": {
        "n": 29,
        "hit": 0,
        "meanMfe": 0.011184201988693035,
        "medMfe": 0.008565965583173796,
        "meanRet": -0.003839994453587989
      },
      "h24": {
        "n": 29,
        "hit": 0,
        "meanMfe": 0.019581782923471576,
        "medMfe": 0.01358148893360167,
        "meanRet": -0.015201505150344746
      }
    },
    "strength≥70": {
      "events": 779,
      "h4": {
        "n": 778,
        "hit": 0.04755784061696658,
        "meanMfe": 0.02109280781855107,
        "medMfe": 0.007583363484681138,
        "meanRet": 0.003634005714294653
      },
      "h24": {
        "n": 778,
        "hit": 0.10411311053984576,
        "meanMfe": 0.044948667231301274,
        "medMfe": 0.0171031360845324,
        "meanRet": -0.0037579930946734655
      }
    },
    "top10": {
      "events": 1064,
      "h4": {
        "n": 1060,
        "hit": 0.031132075471698113,
        "meanMfe": 0.01705208905495297,
        "medMfe": 0.006021319941783121,
        "meanRet": 0.0007280200038760075
      },
      "h24": {
        "n": 1060,
        "hit": 0.08490566037735849,
        "meanMfe": 0.03938342017446871,
        "medMfe": 0.01630720127105889,
        "meanRet": -0.0038209925608355135
      }
    },
    "organic-spot-lift": {
      "events": 26,
      "h4": {
        "n": 26,
        "hit": 0,
        "meanMfe": 0.019891397972360867,
        "medMfe": 0.0217554636645394,
        "meanRet": 0.004153047007045641
      },
      "h24": {
        "n": 26,
        "hit": 0.6153846153846154,
        "meanMfe": 0.10070495268391616,
        "medMfe": 0.12491610744957848,
        "meanRet": 0.060861136813682985
      }
    },
    "leverage-only-froth": {
      "events": 1013,
      "h4": {
        "n": 1002,
        "hit": 0,
        "meanMfe": 0.008961289539575866,
        "medMfe": 0.005703422053231932,
        "meanRet": -0.0006251357240183432
      },
      "h24": {
        "n": 1002,
        "hit": 0.014970059880239521,
        "meanMfe": 0.022464610248251294,
        "medMfe": 0.013986292244975385,
        "meanRet": -0.003313926637405564
      }
    }
  },
  "baseline": {
    "h4": {
      "n": 125460,
      "hit": 0.005643232902917264,
      "meanMfe": 0.009904605679077593,
      "medMfe": 0.004860863908817792,
      "meanRet": -0.00060991254881603
    },
    "h24": {
      "n": 125460,
      "hit": 0.036736808544556035,
      "meanMfe": 0.025899192377190645,
      "medMfe": 0.01357733175914988,
      "meanRet": -0.004407669831150616
    }
  }
}
